,time_second,time_hms
total,231165.26730966568,16:12:45
random_sampling,67039.04952144623,18:37:19
model_training,755.180671453476,00:12:35
