,validity_pop,novelty,diversity,validity_sampler
0,1,0.9939668927004388,0.9446051057040287,0.8760756563141572
1,0,0.0,0.0,0.0
2,0,0.0,0.0,0.0
3,0,0.0,0.0,0.0
4,1,0.9973006748312921,0.9702574356410897,0.9572228336284033
5,0,0.0,0.0,0.0
6,0,0.0,0.0,0.0
7,0,0.0,0.0,0.0
8,0,0.0,0.0,0.0
9,1,0.9990526525727962,0.9689369764658955,0.9831372549019608
