,time_second,time_hms
total,610145.1803095341,01:29:05
random_sampling,160410.53106117249,20:33:30
model_training,748.218504190445,00:12:28
