,validity_pop,novelty,diversity,validity_sampler
0,1,0.9946691909127142,0.9536667995217218,0.8001913570403445
1,0,0.0,0.0,0.0
2,0,0.0,0.0,0.0
3,0,0.0,0.0,0.0
4,1,0.9980545717563726,0.9748091983837981,0.9685008937629838
5,0,0.0,0.0,0.0
6,0,0.0,0.0,0.0
7,0,0.0,0.0,0.0
8,0,0.0,0.0,0.0
9,1,0.9994520547945206,0.9703611457036114,0.9938118811881188
